Name,Category
Oprah Winfrey,Personalities
Tiger Woods,Athletes
Mel Gibson,Actors
George Lucas,Directors/Producers
Shaquille O'Neal,Athletes
Steven Spielberg,Directors/Producers
Johnny Depp,Actors
Madonna,Musicians
Elton John,Musicians
Tom Cruise,Actors
Brad Pitt,Actors
Dan Brown,Authors
Will Smith,Actors
David Letterman,Personalities
Lance Armstrong,Athletes
Michael Jordan,Athletes
Michael Schumacher,Athletes
Will Ferrell,Comedians
Kobe Bryant,Athletes
Sean (Diddy) Combs,Musicians
Jay Leno,Comedians
J.K. Rowling,Authors
Metallica,Musicians
Jennifer Lopez,Musicians
Cast of Desperate Housewives,Television actresses
David Beckham,Athletes
Howard Stern,Personalities
Rush Limbaugh,Personalities
Shania Twain,Musicians
Peter Jackson,Directors/Producers
Denzel Washington,Actors
Rod Stewart,Musicians
Michael Vick,Athletes
Bette Midler,Musicians
The Olsen Twins,Television actresses
Jerry Bruckheimer,Directors/Producers
Jennifer Aniston,Actresses
Derek Jeter,Athletes
Julia Roberts,Actresses
Prince,Musicians
David Copperfield,Magicians
Tobey Maguire,Actors
The Eagles,Musicians
Ray Romano,Comedians
Nicole Kidman,Actresses
Jeff Gordon,Athletes
Phil Mickelson,Athletes
Alex Rodriguez,Athletes
Matt Damon,Actors
Adam Sandler,Actors
Oscar De La Hoya,Athletes
Lindsay Lohan,Television actresses
LeBron James,Athletes
Hilary Duff,Actresses
Paris Hilton,Personalities
Bill Clinton,Personalities
Maria Sharapova,Athletes
Drew Barrymore,Actresses
Andre Agassi,Athletes
Manny Ramirez,Athletes
Van Halen,Musicians
Serena Williams,Athletes
Valentino Rossi,Athletes
Jessica Simpson,Television actresses
Sandra Bullock,Actresses
Cameron Diaz,Actresses
Regis Philbin,Personalities
James Patterson,Authors
Paul Harvey,Personalities
Jennifer Garner,Television actresses
Nora Roberts,Authors
Ronaldo,Athletes
Judge Judy Sheindlin,Personalities
Ellen DeGeneres,Personalities
Naomi Watts,Actresses
Ashlee Simpson,Musicians
Gisele Bündchen,Models
Dave Chappelle,Comedians
John Madden,Personalities
Rudy Giuliani,Personalities
Venus Williams,Athletes
Matt Hasselbeck,Athletes
Jack Welch,Authors
Walter Jones,Athletes
Emeril Lagasse,Personalities
Wolfgang Puck,Personalities
Lindsay Davenport,Athletes
Arthur Agatston,Personalities
Annika Sorenstam,Athletes
Heidi Klum,Models
Kimora Lee Simmons,Personalities
Patricia Heaton,Television actresses
Kate Moss,Models
Ken Jennings,Personalities
Tyra Banks,Personalities
Frankie Muniz,Television actors
Adriana Lima,Models
David Blaine,Magicians
Amanda Bynes,Actresses
Charlie Palmer,Personalities
Steven Spielberg,Directors/Producers
Howard Stern,Personalities
George Lucas,Directors/Producers
Oprah Winfrey,Personalities
U2,Musicians
Jerry Seinfeld,Comedians
Rolling Stones,Musicians
Tiger Woods,Athletes
Dan Brown,Authors
Jerry Bruckheimer,Directors/Producers
J.K. Rowling,Authors
The Eagles,Musicians
Dick Wolf,Directors/Producers
Tom Cruise,Actors
Michael Schumacher,Athletes
Andrew Lloyd Webber,Musicians
Bruce Springsteen,Musicians
Muhammad Ali,Athletes
Cast of The Sopranos,Television actors
Phil Mickelson,Athletes
Dr. Phil McGraw,Personalities
Donald Trump,Personalities
Simon Cowell,Personalities
50 Cent,Musicians
Paul McCartney,Musicians
David Letterman,Personalities
Celine Dion,Musicians
The Olsen Twins,Television actresses
Peter Jackson,Directors/Producers
Denzel Washington,Actors
Neil Diamond,Musicians
Elton John,Musicians
Ray Romano,Comedians
Jay Leno,Comedians
Michael Jordan,Athletes
Kobe Bryant,Athletes
Rush Limbaugh,Personalities
Rod Stewart,Musicians
Shaquille O'Neal,Athletes
Dave Matthews Band,Musicians
Valentino Rossi,Athletes
Gisele Bündchen,Models
Johnny Depp,Actors
Tom Hanks,Actors
Alex Rodriguez,Athletes
Tom Brady,Athletes
Adam Sandler,Actors
James Patterson,Authors
Carson Palmer,Athletes
David Beckham,Athletes
Jodie Foster,Actresses
Derek Jeter,Athletes
LeBron James,Athletes
Ronaldinho,Athletes
Brad Pitt,Actors
Will Smith,Actors
Rick Warren,Authors
Leonardo DiCaprio,Actors
Kiefer Sutherland,Television actors
Nicole Kidman,Actresses
Dave Chappelle,Comedians
Renee Zellweger,Actresses
John Grisham,Authors
Regis Philbin,Personalities
Jim Carrey,Comedians
Maria Sharapova,Athletes
Larry the Cable Guy,Comedians
Jennifer Aniston,Actresses
Tyra Banks,Personalities
Michelle Wie,Athletes
Scarlett Johansson,Actresses
Halle Berry,Actresses
Sean (Diddy) Combs,Musicians
Wolfgang Puck,Personalities
Katie Couric,Personalities
Cameron Diaz,Actresses
Cast of Desperate Housewives,Television actresses
Angelina Jolie,Actresses
Jessica Simpson,Television actresses
Diane Sawyer,Personalities
George Lopez,Comedians
Ryan Seacrest,Personalities
Jennifer Lopez,Musicians
Serena Williams,Athletes
Emeril Lagasse,Personalities
Reese Witherspoon,Actresses
Bill O'Reilly,Personalities
Matthew Broderick/Nathan Lane,Actors
Eric Idle/Mike Nichols,Comedians
Kate Moss,Models
Annika Sorenstam,Athletes
Paris Hilton,Personalities
Venus Williams,Athletes
Heidi Klum,Models
Rachael Ray,Personalities
Ty Pennington,Television actors
Mel Brooks,Directors/Producers
Mario Batali,Personalities
Adriana Lima,Models
Nicole Richie,Personalities
Oprah Winfrey,Personalities
Tiger Woods,Athletes
Madonna,Musicians
Rolling Stones,Musicians
Brad Pitt,Actors
Johnny Depp,Actors
Elton John,Musicians
Tom Cruise,Actors
Jay-Z,Musicians
Steven Spielberg,Directors/Producers
Tom Hanks,Actors
Grey's Anatomy cast,Television actresses
Howard Stern,Personalities
Angelina Jolie,Actresses
David Beckham,Athletes
Phil Mickelson,Athletes
David Letterman,Personalities
Bon Jovi,Musicians
Donald Trump,Personalities
Celine Dion,Musicians
Simon Cowell,Personalities
U2,Musicians
Kobe Bryant,Athletes
Michael Schumacher,Athletes
Shaquille O'Neal,Athletes
Jay Leno,Comedians
Nicole Kidman,Actresses
Ben Stiller,Actors
Alex Rodriguez,Athletes
Dr. Phil McGraw,Personalities
Ronaldinho,Athletes
50 Cent,Musicians
Brian Grazer/Ron Howard,Directors/Producers
Justin Timberlake,Musicians
Michael Jordan,Athletes
Rush Limbaugh,Personalities
Tim McGraw,Musicians
Roger Federer,Athletes
Jerry Bruckheimer,Directors/Producers
George Clooney,Actors
Kimi Raikkonen,Athletes
Jerry Seinfeld,Comedians
Sean (Diddy) Combs,Musicians
Jennifer Aniston,Actresses
Adam Sandler,Actors
Oscar De La Hoya,Athletes
Cast of Desperate Housewives,Television actresses
LeBron James,Athletes
J.K. Rowling,Authors
Derek Jeter,Athletes
Maria Sharapova,Athletes
Matt Damon,Actors
Gisele Bündchen,Models
Vince Vaughn,Actors
Bill Clinton,Personalities
Gore Verbinski,Directors/Producers
Will Smith,Actors
Valentino Rossi,Athletes
Judge Judy Sheindlin,Personalities
Jessica Simpson,Television actresses
Tyra Banks,Personalities
Anthony Robbins,Actors
Cate Blanchett,Actresses
Regis Philbin,Personalities
Sandra Bullock,Actresses
Rachael Ray,Personalities
Alan Greenspan,Personalities
Julia Roberts,Actresses
Serena Williams,Athletes
Michelle Wie,Athletes
Keira Knightley,Actresses
Hilary Duff,Actresses
George Lopez,Comedians
Kate Moss,Models
Barbara Walters,Personalities
Ryan Seacrest,Personalities
Scarlett Johansson,Actresses
Jessica Alba,Television actresses
Daniel Radcliffe,Actors
Reese Witherspoon,Actresses
Larry the Cable Guy,Comedians
Deepak Chopra,Musicians
Annika Sorenstam,Athletes
Heidi Klum,Models
J.J. Abrams,Directors/Producers
Dan Brown,Authors
Emeril Lagasse,Personalities
Wolfgang Puck,Personalities
Dane Cook,Comedians
Jack Welch,Authors
John Grisham,Authors
Jeff Foxworthy,Comedians
Rhonda Byrne,Authors
Dakota Fanning,Actresses
Danica Patrick,Athletes
Mitch Albom,Authors
Emma Watson,Actresses
Hayden Panettiere,Television actresses
Paula Deen,Personalities
Bobby Flay,Personalities
Oprah Winfrey,Personalities
Tiger Woods,Athletes
Angelina Jolie,Actresses
Beyonce Knowles,Musicians
David Beckham,Athletes
Johnny Depp,Actors
Jay-Z,Musicians
The Police,Musicians
J.K. Rowling,Authors
Brad Pitt,Actors
Will Smith,Actors
Justin Timberlake,Musicians
Steven Spielberg,Directors/Producers
Cameron Diaz,Actresses
David Letterman,Personalities
LeBron James,Athletes
Jennifer Aniston,Actresses
Michael Jordan,Athletes
Kobe Bryant,Athletes
Phil Mickelson,Athletes
Madonna,Musicians
Simon Cowell,Personalities
Roger Federer,Athletes
Alex Rodriguez,Athletes
Jerry Seinfeld,Comedians
50 Cent,Musicians
Kanye West,Musicians
Celine Dion,Musicians
Bruce Willis,Actors
Dr. Phil McGraw,Personalities
Tom Cruise,Actors
Jay Leno,Comedians
Sean (Diddy) Combs,Musicians
Stephen King,Authors
Miley Cyrus,Musicians
Kimi Raikkonen,Athletes
Jeff Gordon,Athletes
Ronaldinho,Athletes
Shaquille O'Neal,Athletes
Judge Judy Sheindlin,Personalities
Howard Stern,Personalities
Tyler Perry,Directors/Producers
Fernando Alonso,Athletes
Leonardo DiCaprio,Actors
Donald Trump,Personalities
George Lucas,Directors/Producers
Keira Knightley,Actresses
Jerry Bruckheimer,Directors/Producers
Nicolas Cage,Actors
Spice Girls,Musicians
Matt Damon,Actors
Dale Earnhardt Jr.,Athletes
Bon Jovi,Musicians
Jennifer Lopez,Musicians
Ben Stiller,Actors
Kevin Garnett,Athletes
Nicole Kidman,Actresses
James Patterson,Authors
Rush Limbaugh,Personalities
Reese Witherspoon,Actresses
Maria Sharapova,Athletes
Ryan Seacrest,Personalities
Gwen Stefani,Musicians
Daniel Radcliffe,Actors
Alicia Keys,Musicians
Gisele Bündchen,Models
Gwyneth Paltrow,Actresses
Tyra Banks,Personalities
Serena Williams,Athletes
Eva Longoria,Television actresses
Ellen DeGeneres,Personalities
Sarah Jessica Parker,Television actresses
Katherine Heigl,Models
Regis Philbin,Personalities
Tom Clancy,Authors
Rachael Ray,Personalities
Cate Blanchett,Actresses
Heidi Klum,Models
Carrie Underwood,Musicians
Jon Stewart,Personalities
Justine Henin,Athletes
Judd Apatow,Directors/Producers
Kate Moss,Models
Patrick Dempsey,Television actors
Charlie Sheen,Television actors
Drew Carey,Comedians
Steve Carell,Comedians
Lorena Ochoa,Athletes
Jonas Brothers,Musicians
Howie Mandel,Comedians
Wolfgang Puck,Personalities
Zac Efron,Actors
Annika Sorenstam,Athletes
Ashley Tisdale,Television actresses
Gordon Ramsay,Personalities
Jennifer Love Hewitt,Television actresses
Lauren Conrad,Personalities
Vanessa Williams,Television actresses
Tina Fey,Television actresses
Paula Deen,Personalities
Angelina Jolie,Actresses
Oprah Winfrey,Personalities
Madonna,Musicians
Beyonce Knowles,Musicians
Tiger Woods,Athletes
Bruce Springsteen,Musicians
Steven Spielberg,Directors/Producers
Jennifer Aniston,Actresses
Brad Pitt,Actors
Kobe Bryant,Athletes
Will Smith,Actors
Dr. Phil McGraw,Personalities
Britney Spears,Musicians
David Letterman,Personalities
Coldplay,Musicians
Adam Sandler,Actors
Harrison Ford,Actors
Michael Jordan,Athletes
LeBron James,Athletes
Tom Cruise,Actors
Bon Jovi,Musicians
Donald Trump,Personalities
Rush Limbaugh,Personalities
George Lucas,Directors/Producers
Simon Cowell,Personalities
Stephenie Meyer,Authors
Roger Federer,Athletes
David Beckham,Athletes
Miley Cyrus,Musicians
Tyler Perry,Directors/Producers
Kenny Chesney,Musicians
Jay-Z,Musicians
Clint Eastwood,Directors/Producers
Howard Stern,Personalities
Sean (Diddy) Combs,Musicians
Phil Mickelson,Athletes
Jerry Seinfeld,Comedians
Dave Matthews Band,Musicians
Tom Hanks,Actors
Ellen DeGeneres,Personalities
Eddie Murphy,Comedians
Rascal Flatts,Musicians
Jay Leno,Comedians
Ryan Seacrest,Personalities
Nicolas Cage,Actors
Kanye West,Musicians
AC/DC,Musicians
George Clooney,Actors
Barack Obama,Personalities
50 Cent,Musicians
Brian Grazer/Ron Howard,Directors/Producers
Kimi Raikkonen,Athletes
Jerry Bruckheimer,Directors/Producers
Chris Rock,Comedians
Ronaldinho,Athletes
Jim Carrey,Comedians
Manny Pacquiao,Athletes
Sarah Jessica Parker,Television actresses
Toby Keith,Musicians
Jonas Brothers,Musicians
James Patterson,Authors
Kevin Garnett,Athletes
Jeff Gordon,Athletes
Meryl Streep,Actresses
Larry David,Comedians
Derek Jeter,Athletes
Serena Williams,Athletes
Stephen King,Authors
Taylor Swift,Musicians
Daniel Radcliffe,Actors
Reese Witherspoon,Actresses
Gisele Bündchen,Models
Cameron Diaz,Actresses
Nicole Kidman,Actresses
Carrie Underwood,Musicians
Maria Sharapova,Athletes
Venus Williams,Athletes
Heidi Klum,Models
Rachael Ray,Personalities
David Copperfield,Magicians
Glenn Beck,Personalities
Katherine Heigl,Models
Jon Stewart,Personalities
Jeff Dunham,Comedians
Anne Hathaway,Actresses
Tina Fey,Television actresses
Drew Barrymore,Actresses
Charlie Sheen,Television actors
Eva Longoria,Television actresses
Ana Ivanovic,Athletes
Alec Baldwin,Actors
Sandra Bullock,Actresses
Steve Carell,Comedians
Hugh Laurie,Television actors
Wolfgang Puck,Personalities
Penn & Teller,Magicians
Kate Moss,Models
Mariska Hargitay,Television actresses
Jennifer Love Hewitt,Television actresses
Danica Patrick,Athletes
Oprah Winfrey,Personalities
Beyonce Knowles,Musicians
James Cameron,Directors/Producers
Lady Gaga,Musicians
Tiger Woods,Athletes
Britney Spears,Musicians
U2,Musicians
Sandra Bullock,Actresses
Johnny Depp,Actors
Madonna,Musicians
Simon Cowell,Personalities
Taylor Swift,Musicians
Miley Cyrus,Musicians
Kobe Bryant,Athletes
Jay-Z,Musicians
Black Eyed Peas,Musicians
Bruce Springsteen,Musicians
Angelina Jolie,Actresses
Rush Limbaugh,Personalities
Michael Jordan,Athletes
Dr. Phil McGraw,Personalities
Steven Spielberg,Directors/Producers
Ellen DeGeneres,Personalities
David Letterman,Personalities
Tyler Perry,Directors/Producers
Jennifer Aniston,Actresses
Pink,Musicians
LeBron James,Athletes
Roger Federer,Athletes
Brad Pitt,Actors
Floyd Mayweather,Athletes
Michael Bay,Directors/Producers
Donald Trump,Personalities
Jay Leno,Comedians
Coldplay,Musicians
David Beckham,Athletes
Jerry Seinfeld,Comedians
AC/DC,Musicians
Howard Stern,Personalities
Jonas Brothers,Musicians
Tom Hanks,Actors
George Lucas,Directors/Producers
Glenn Beck,Personalities
Ryan Seacrest,Personalities
Phil Mickelson,Athletes
Ben Stiller,Actors
Jerry Bruckheimer,Directors/Producers
Cristiano Ronaldo,Athletes
Alex Rodriguez,Athletes
Robert Pattinson,Actors
Conan O'Brien,Personalities
Shaquille O'Neal,Athletes
James Patterson,Authors
Kenny Chesney,Musicians
Manny Pacquiao,Athletes
Tom Cruise,Actors
Adam Sandler,Actors
George Clooney,Actors
Stephenie Meyer,Authors
Cameron Diaz,Actresses
Serena Williams,Athletes
Rascal Flatts,Musicians
Charlie Sheen,Television actors
Derek Jeter,Athletes
Lance Armstrong,Athletes
Kristen Stewart,Actresses
Toby Keith,Musicians
Sean (Diddy) Combs,Musicians
Stephen King,Authors
Sarah Jessica Parker,Television actresses
Leonardo DiCaprio,Actors
Judge Judy Sheindlin,Personalities
Robert Downey Jr.,Actors
Lil Wayne,Musicians
Reese Witherspoon,Actresses
Keith Urban,Musicians
Julia Roberts,Actresses
Steve Carell,Comedians
Meryl Streep,Actresses
Akon,Musicians
Maria Sharapova,Athletes
Daniel Radcliffe,Actors
Venus Williams,Athletes
Ray Romano,Comedians
Gisele Bündchen,Models
Heidi Klum,Models
Drew Barrymore,Actresses
Alec Baldwin,Actors
Kiefer Sutherland,Television actors
Tina Fey,Television actresses
Kate Moss,Models
Eva Longoria,Television actresses
Jeff Dunham,Comedians
George Lopez,Comedians
Katherine Heigl,Models
Danica Patrick,Athletes
Kate Hudson,Actresses
Chelsea Handler,Comedians
Jennifer Love Hewitt,Television actresses
Mariska Hargitay,Television actresses
Lady Gaga,Musicians
Oprah Winfrey,Personalities
Justin Bieber,Musicians
U2,Musicians
Elton John,Musicians
Tiger Woods,Athletes
Taylor Swift,Musicians
Bon Jovi,Musicians
Simon Cowell,Personalities
LeBron James,Athletes
Angelina Jolie,Actresses
Katy Perry,Musicians
Johnny Depp,Actors
Kobe Bryant,Athletes
Leonardo DiCaprio,Actors
Black Eyed Peas,Musicians
Donald Trump,Personalities
Dr. Phil McGraw,Personalities
Tyler Perry,Directors/Producers
Paul McCartney,Musicians
Jennifer Aniston,Actresses
Steven Spielberg,Directors/Producers
Rush Limbaugh,Personalities
Ryan Seacrest,Personalities
Roger Federer,Athletes
Howard Stern,Personalities
James Cameron,Directors/Producers
Charlie Sheen,Television actors
Beyonce Knowles,Musicians
Glenn Beck,Personalities
Ellen DeGeneres,Personalities
Usher,Musicians
David Letterman,Personalities
Muse,Musicians
David Beckham,Athletes
Phil Mickelson,Athletes
James Patterson,Authors
Jay-Z,Musicians
Jerry Bruckheimer,Directors/Producers
Jerry Seinfeld,Comedians
Adam Sandler,Actors
Bethenny Frankel,Personalities
Cristiano Ronaldo,Athletes
Sandra Bullock,Actresses
Brad Pitt,Actors
Rafael Nadal,Athletes
Christopher Nolan,Directors/Producers
Brad Paisley,Musicians
Alex Rodriguez,Athletes
Jennifer Lopez,Musicians
Toby Keith,Musicians
Sean (Diddy) Combs,Musicians
Robert Pattinson,Actors
Dick Wolf,Directors/Producers
Tom Brady,Athletes
Jay Leno,Comedians
Dwyane Wade,Athletes
Tom Hanks,Actors
Dwight Howard,Athletes
Gisele Bündchen,Models
Tim McGraw,Musicians
Lionel Messi,Athletes
Kristen Stewart,Actresses
Reese Witherspoon,Actresses
Will Smith,Actors
Robert Downey Jr.,Actors
Mark Burnett,Directors/Producers
Ben Stiller,Actors
Derek Jeter,Athletes
Julia Roberts,Actresses
Eminem,Musicians
Peyton Manning,Athletes
Sarah Jessica Parker,Television actresses
Mark Wahlberg,Actors
Natalie Portman,Actresses
Kanye West,Musicians
Chuck Lorre,Directors/Producers
Danielle Steel,Authors
Stephen King,Authors
Maria Sharapova,Athletes
Cameron Diaz,Actresses
Eva Longoria,Television actresses
Heidi Klum,Models
Serena Williams,Athletes
Lil Wayne,Musicians
Venus Williams,Athletes
Steve Carell,Comedians
Jeff Dunham,Comedians
Katherine Heigl,Models
Stephenie Meyer,Authors
Larry the Cable Guy,Comedians
Tina Fey,Television actresses
Courteney Cox,Television actresses
Kate Moss,Models
Ray Romano,Comedians
Danica Patrick,Athletes
Hugh Laurie,Television actors
Mark Harmon,Television actors
Teri Hatcher,Television actresses
Mariska Hargitay,Television actresses
Jennifer Lopez,Musicians
Oprah Winfrey,Personalities
Justin Bieber,Musicians
Rihanna,Musicians
Lady Gaga,Musicians
Britney Spears,Musicians
Kim Kardashian,Personalities
Katy Perry,Musicians
Tom Cruise,Actors
Steven Spielberg,Directors/Producers
Taylor Swift,Musicians
Tiger Woods,Athletes
Angelina Jolie,Actresses
Donald Trump,Personalities
LeBron James,Athletes
Beyonce Knowles,Musicians
Elton John,Musicians
Simon Cowell,Personalities
Rush Limbaugh,Personalities
Tyler Perry,Directors/Producers
Paul McCartney,Musicians
Jennifer Aniston,Actresses
Glenn Beck,Personalities
Adele,Musicians
Bon Jovi,Musicians
Dr. Dre,Musicians
Kobe Bryant,Athletes
Brad Pitt,Actors
Ryan Seacrest,Personalities
Howard Stern,Personalities
Roger Federer,Athletes
David Beckham,Athletes
Manny Pacquiao,Athletes
Ellen DeGeneres,Personalities
Michael Bay,Directors/Producers
George Lucas,Directors/Producers
James Patterson,Authors
Jay-Z,Musicians
Jerry Bruckheimer,Directors/Producers
Peyton Manning,Athletes
David Letterman,Personalities
Sean (Diddy) Combs,Musicians
Kristen Stewart,Actresses
Cristiano Ronaldo,Athletes
Kanye West,Musicians
Leonardo DiCaprio,Actors
Rafael Nadal,Athletes
Phil Mickelson,Athletes
Toby Keith,Musicians
Lionel Messi,Athletes
Ashton Kutcher,Actors
Floyd Mayweather,Athletes
Kenny Chesney,Musicians
Dick Wolf,Directors/Producers
Sandra Bullock,Actresses
Johnny Depp,Actors
Adam Sandler,Actors
Will Smith,Actors
Cameron Diaz,Actresses
Tom Brady,Athletes
Gisele Bündchen,Models
Mark Burnett,Directors/Producers
Alex Rodriguez,Athletes
Jerry Seinfeld,Comedians
Tom Hanks,Actors
Stephen King,Authors
Taylor Lautner,Actors
Brad Paisley,Musicians
Lil Wayne,Musicians
Dwayne Johnson,Actors
Maria Sharapova,Athletes
Ben Stiller,Actors
Khloe Kardashian Odom,Personalities
Seth MacFarlane,Directors/Producers
Charlize Theron,Actresses
Sofia Vergara,Television actresses
Serena Williams,Athletes
Alec Baldwin,Actors
Janet Evanovich,Authors
Julia Roberts,Actresses
Eva Longoria,Television actresses
John Grisham,Authors
Meryl Streep,Actresses
Tiesto,Musicians
J.K. Rowling,Authors
Sarah Jessica Parker,Television actresses
Li Na,Athletes
Hugh Laurie,Television actors
Reese Witherspoon,Actresses
Jeff Dunham,Comedians
Larry the Cable Guy,Comedians
Skrillex,Musicians
Tina Fey,Television actresses
Kate Moss,Models
Ray Romano,Comedians
Zooey Deschanel,Actresses
Bethenny Frankel,Personalities
Tim Allen,Television actors
Melissa McCarthy,Actresses
Adriana Lima,Models
Oprah Winfrey,Personalities
Lady Gaga,Musicians
Steven Spielberg,Directors/Producers
Beyonce Knowles,Musicians
Madonna,Musicians
Taylor Swift,Musicians
Bon Jovi,Musicians
Roger Federer,Athletes
Justin Bieber,Musicians
Ellen DeGeneres,Personalities
Hugh Jackman,Actors
Jennifer Lopez,Musicians
Rihanna,Musicians
Coldplay,Musicians
Tiger Woods,Athletes
LeBron James,Athletes
Simon Cowell,Personalities
Katy Perry,Musicians
David Beckham,Athletes
Robert Downey Jr.,Actors
Leonardo DiCaprio,Actors
Tyler Perry,Directors/Producers
Channing Tatum,Actors
Kobe Bryant,Athletes
Dwayne Johnson,Actors
Ryan Seacrest,Personalities
Tom Cruise,Actors
Mark Wahlberg,Actors
Seth MacFarlane,Directors/Producers
Donald Trump,Personalities
Cristiano Ronaldo,Athletes
Jay-Z,Musicians
Dr. Phil McGraw,Personalities
Glenn Beck,Personalities
Will Smith,Actors
Ben Affleck,Actors
Rush Limbaugh,Personalities
David Letterman,Personalities
Lionel Messi,Athletes
Adam Sandler,Actors
Angelina Jolie,Actresses
E.L. James,Authors
Toby Keith,Musicians
James Patterson,Authors
Howard Stern,Personalities
Carrie Underwood,Musicians
Kenny Chesney,Musicians
Usain Bolt,Athletes
Jennifer Lawrence,Actresses
Drew Brees,Athletes
Rafael Nadal,Athletes
Phil Mickelson,Athletes
Ashton Kutcher,Actors
Sofia Vergara,Television actresses
Peter Jackson,Directors/Producers
Serena Williams,Athletes
Jon Stewart,Personalities
Jerry Bruckheimer,Directors/Producers
Kanye West,Musicians
Jerry Seinfeld,Comedians
Michael Bay,Directors/Producers
Maria Sharapova,Athletes
Dr. Dre,Musicians
Jennifer Aniston,Actresses
Tom Brady,Athletes
Kim Kardashian,Personalities
Charlie Sheen,Television actors
Calvin Harris,Musicians
Rachael Ray,Personalities
Kristen Stewart,Actresses
Gwyneth Paltrow,Actresses
Sean Hannity,Personalities
Meryl Streep,Actresses
David Guetta,Musicians
Stephen King,Authors
Christopher Nolan,Directors/Producers
Gordon Ramsay,Personalities
Manny Pacquiao,Athletes
Tina Fey,Television actresses
Mark Burnett,Directors/Producers
Gisele Bündchen,Models
J.K. Rowling,Authors
Alec Baldwin,Actors
Emma Stone,Actresses
Charlize Theron,Actresses
Neil Patrick Harris,Television actors
Suzanne Collins,Authors
Floyd Mayweather,Athletes
Mila Kunis,Actresses
Sandra Bullock,Actresses
Danica Patrick,Athletes
Amy Poehler,Actresses
George Lopez,Comedians
Ray Romano,Comedians
Kevin Hart,Comedians
Zooey Deschanel,Actresses
Louis C.K.,Comedians
Melissa McCarthy,Actresses
Joss Whedon,Directors/Producers
Miranda Kerr,Models
Beyonce Knowles,Musicians
LeBron James,Athletes
Dr. Dre,Musicians
Oprah Winfrey,Personalities
Ellen DeGeneres,Personalities
Jay-Z,Musicians
Floyd Mayweather,Athletes
Rihanna,Musicians
Katy Perry,Musicians
Robert Downey Jr.,Actors
Steven Spielberg,Directors/Producers
Jennifer Lawrence,Actresses
Bon Jovi,Musicians
Bruno Mars,Musicians
Kobe Bryant,Athletes
Roger Federer,Athletes
Miley Cyrus,Musicians
Tylor Swift,Musicians
Lady Gaga,Musicians
Kanye West,Musicians
Calvin Harris,Musicians
Tiger Woods,Athletes
Dwayne Johnson,Actors
Rafael Nadal,Athletes
Bruce Springsteen,Musicians
The Eagles,Musicians
Justin Timberlake,Musicians
One Direction,Musicians
Paul McCartney,Musicians
Cristiano Ronaldo,Athletes
Sean (Diddy) Combs,Musicians
Ryan Seacrest,Personalities
Justin Bieber,Musicians
Kevin Durant,Athletes
Jennifer Lopez,Musicians
Sandra Bullock,Actresses
James Patterson,Authors
Pharrell Williams,Musicians
Glenn Beck,Personalities
Peyton Manning,Athletes
Mark Burnett,Directors/Producers
Simon Cowell,Personalities
Novak Djokovic,Athletes
Phil Mickelson,Athletes
Jimmy Fallon,Personalities
Lionel Messi,Athletes
Avicii,Musicians
Bradley Cooper,Actors
Peter Jackson,Directors/Producers
Michael Bay,Directors/Producers
Toby Keith,Musicians
Leonardo DiCaprio,Actors
Matthew McConaughey,Actors
Sofia Vergara,Television actresses
Dwyane Wade,Athletes
Gisele Bündchen,Models
Tyler Perry,Directors/Producers
Gordon Ramsay,Personalities
Rush Limbaugh,Personalities
Jon Stewart,Personalities
Mark Wahlberg,Actors
Howard Stern,Personalities
Hugh Jackman,Actors
Ashton Kutcher,Actors
Maria Sharapova,Athletes
Vin Diesel,Actors
Ben Affleck,Actors
Joss Whedon,Directors/Producers
Serena Williams,Athletes
Kenny Chesney,Musicians
J.J. Abrams,Directors/Producers
Neil Patrick Harris,Television actors
Angelina Jolie,Actresses
Kevin Spacey,Television actors
Will Smith,Actors
Scarlett Johansson,Actresses
Jennifer Aniston,Actresses
Dan Brown,Authors
John Green,Authors
Kim Kardashian,Personalities
Amy Adams,Actresses
Stephen King,Authors
Dr. Phil McGraw,Personalities
J.K. Rowling,Authors
Li Na,Athletes
Sean Hannity,Personalities
Seth MacFarlane,Directors/Producers
Bryan Cranston,Television actors
Jon Hamm,Television actors
Gwyneth Paltrow,Actresses
Kate Moss,Models
Meryl Streep,Actresses
Kerry Washington,Actresses
Kate Upton,Models
Veronica Roth,Authors
Zooey Deschanel,Actresses
Cameron Diaz,Actresses
Floyd Mayweather,Athletes
Manny Pacquiao,Athletes
Katy Perry,Musicians
One Direction,Musicians
Howard Stern,Personalities
Garth Brooks,Musicians
James Patterson,Authors
Robert Downey Jr.,Actors
Taylor Swift,Musicians
Cristiano Ronaldo,Athletes
Rush Limbaugh,Personalities
Ellen DeGeneres,Personalities
Lionel Messi,Athletes
The Eagles,Musicians
Dr. Phil McGraw,Personalities
Roger Federer,Athletes
Calvin Harris,Musicians
LeBron James,Athletes
Justin Timberlake,Musicians
David Copperfield,Magicians
Sean (Diddy) Combs,Musicians
Gordon Ramsay,Personalities
Ryan Seacrest,Personalities
Fleetwood Mac,Musicians
Lady Gaga,Musicians
Rolling Stones,Musicians
Ed Sheeran,Musicians
Jay-Z,Musicians
Beyonce Knowles,Musicians
Kevin Durant,Athletes
Elton John,Musicians
Toby Keith,Musicians
Kim Kardashian,Personalities
Jennifer Lawrence,Actresses
Paul McCartney,Musicians
Phil Mickelson,Athletes
Tiger Woods,Athletes
Jackie Chan,Actors
Kobe Bryant,Athletes
Ben Roethlisberger,Athletes
Rory McIlroy,Athletes
Novak Djokovic,Athletes
Vin Diesel,Actors
Judy Sheindlin,Personalities
Michael Bublé,Musicians
Gisele Bündchen,Models
Jason Aldean,Musicians
Luke Bryan,Musicians
Kenny Chesney,Musicians
Bradley Cooper,Actors
Adam Sandler,Actors
Tom Cruise,Actors
Bruno Mars,Musicians
Drake,Hip-hop impresario
Lewis Hamilton,Athletes
Zlatan Ibrahimovic,Athletes
Ndamukong Suh,Athletes
Foo Fighters,Musicians
Tim McGraw,Musicians
David Guetta,Musicians
Adam Sandler,Actors
Tom Cruise,Actors
Bruno Mars,Musicians
Drake,Hip-hop impresario
Lewis Hamilton,Athletes
Zlatan Ibrahimovic,Athletes
Ndamukong Suh,Athletes
Foo Fighters,Musicians
Tim McGraw,Musicians
David Guetta,Musicians
Florida Georgia Line,Musicians
Jimmy Buffett,Musicians
Jerry Seinfeld,Comedians
Tiesto,Musicians
Fernando Alonso,Athletes
Scarlett Johansson,Actresses
Gareth Bale,Athletes
David Letterman,Personalities
Jon Lester,Athletes
Derrick Rose,Athletes
Amitabh Bachchan,Actors
Salman Khan,Actors
Maroon 5,Musicians
Dr. Dre,Musicians
Sebastian Vettel,Athletes
Akshay Kumar,Actors
Rafael Nadal,Athletes
Zac Brown Band,Musicians
Mark Wahlberg,Actors
Pharrell Williams,Musicians
Dwayne Johnson,Actors
Mahendra Singh Dhoni,Athletes
Eminem,Hip-hop impresario
Neymar,Athletes
Britney Spears,Musicians
Carmelo Anthony,Athletes
Johnny Depp,Actors
Maria Sharapova,Athletes
Leonardo DiCaprio,Actors
Sean Hannity,Personalities
Carson Palmer,Athletes
Jim Parsons,Television actors
James Rodriguez,Athletes
Channing Tatum,Actors
Kaley Cuoco-Sweeting,Television actresses
Kevin Hart,Comedians
Miranda Lambert,Musicians
Jennifer Lopez,Musicians
Blake Shelton,Musicians
Sofia Vergara,Television actresses
Taylor Swift,Musicians
One Direction,Musicians
James Patterson,Authors
Dr. Phil McGraw,Personalities
Cristiano Ronaldo,Athletes
Kevin Hart,Comedians
Howard Stern,Personalities
Lionel Messi,Athletes
Adele,Musicians
Rush Limbaugh,Personalities
LeBron James,Athletes
Madonna,Musicians
Ellen DeGeneres,Personalities
Rihanna,Musicians
Garth Brooks,Musicians
Roger Federer,Athletes
AC/DC,Musicians
Rolling Stones,Musicians
Dwayne Johnson,Actors
David Copperfield,Magicians
Calvin Harris,Musicians
Sean (Diddy) Combs,Musicians
Jackie Chan,Actors
Bruce Springsteen,Musicians
Paul McCartney,Musicians
Justin Bieber,Musicians
Kenny Chesney,Musicians
Novak Djokovic,Athletes
Kevin Durant,Athletes
Matt Damon,Actors
Ryan Seacrest,Personalities
U2,Musicians
The Weeknd,Musicians
Beyonce Knowles,Musicians
Gordon Ramsay,Personalities
Jay-Z,Musicians
Luke Bryan,Musicians
Tom Cruise,Actors
Phil Mickelson,Athletes
Cam Newton,Athletes
Jordan Spieth,Athletes
Kim Kardashian,Personalities
Kobe Bryant,Athletes
Muse,Musicians
Foo Fighters,Musicians
Johnny Depp,Actors
Toby Keith,Musicians
Judy Sheindlin,Personalities
Lewis Hamilton,Athletes
Jennifer Lawrence,Actresses
Tiger Woods,Athletes
Eli Manning,Athletes
Joe Flacco,Athletes
Bigbang,Musicians
Tom Brady,Athletes
Floyd Mayweather,Athletes
Jerry Seinfeld,Comedians
Ben Affleck,Actors
Sofia Vergara,Television actresses
Rory McIlroy,Athletes
Tiger Woods,Athletes
Eli Manning,Athletes
Joe Flacco,Athletes
Bigbang,Musicians
Tom Brady,Athletes
Floyd Mayweather,Athletes
Jerry Seinfeld,Comedians
Ben Affleck,Actors
Sofia Vergara,Television actresses
Rory McIlroy,Athletes
Elton John,Musicians
Russell Wilson,Athletes
Dr. Dre,Musicians
Katy Perry,Musicians
Sebastian Vettel,Athletes
Jimmy Buffett,Musicians
Mumford & Sons,Musicians
Jennifer Lopez,Musicians
Drake,Musicians
Philip Rivers,Athletes
Tiesto,Musicians
Zlatan Ibrahimovic,Athletes
Rafael Nadal,Athletes
Neymar,Athletes
Jason Aldean,Musicians
Fernando Alonso,Athletes
Gareth Bale,Athletes
Marcell Dareus,Athletes
Vin Diesel,Actors
Peyton Manning,Athletes
Derrick Rose,Athletes
Maroon 5,Musicians
A.J. Green,Athletes
Kei Nishikori,Athletes
Ed Sheeran,Musicians
Robert Downey Jr.,Actors
James Harden,Athletes
Shah Rukh Khan,Actors
Dave Matthews Band,Musicians
Melissa McCarthy,Actresses
Usain Bolt,Athletes
Clayton Kershaw,Athletes
Dwyane Wade,Athletes
Akshay Kumar,Actors
Penn & Teller,Magicians
Brad Pitt,Actors
Carmelo Anthony,Athletes
Drew Brees,Athletes
Gisele Bündchen,Models
Britney Spears,Musicians
Sean (Diddy) Combs,Musicians
Beyonce Knowles,Musicians
J.K. Rowling,Authors
Drake,Musicians
Cristiano Ronaldo,Athletes
The Weeknd,Musicians
Howard Stern,Personalities
Coldplay,Musicians
James Patterson,Authors
LeBron James,Athletes
Guns N' Roses,Musicians
Rush Limbaugh,Personalities
Justin Bieber,Musicians
Lionel Messi,Athletes
Dr. Phil McGraw,Personalities
Ellen DeGeneres,Personalities
Bruce Springsteen,Musicians
Adele,Musicians
Jerry Seinfeld,Comedians
Mark Wahlberg,Actors
Metallica,Musicians
Dwayne Johnson,Actors
Roger Federer,Athletes
David Copperfield,Magicians
Kevin Durant,Athletes
Garth Brooks,Musicians
Elton John,Musicians
Gordon Ramsay,Personalities
Ryan Seacrest,Personalities
Chris Rock,Comedians
Vin Diesel,Actors
Paul McCartney,Musicians
Red Hot Chili Peppers,Musicians
Louis C.K.,Comedians
Jimmy Buffett,Musicians
Adam Sandler,Actors
Andrew Luck,Athletes
Rory McIlroy,Athletes
Jackie Chan,Actors
Calvin Harris,Musicians
Robert Downey Jr.,Actors
Stephen Curry,Athletes
Dave Chappelle,Comedians
Judy Sheindlin,Personalities
James Harden,Athletes
Lewis Hamilton,Athletes
Kim Kardashian,Personalities
Drew Brees,Athletes
Taylor Swift,Musicians
Simon Cowell,Personalities
Phil Mickelson,Athletes
Tom Cruise,Actors
Kenny Chesney,Musicians
Steve Harvey,Personalities
Luke Bryan,Musicians
Celine Dion,Musicians
Jay-Z,Musicians
Sofia Vergara,Television actresses
Kylie Jenner,Personalities
Bruno Mars,Musicians
Phil Mickelson,Athletes
Tom Cruise,Actors
Kenny Chesney,Musicians
Steve Harvey,Personalities
Luke Bryan,Musicians
Celine Dion,Musicians
Jay-Z,Musicians
Sofia Vergara,Television actresses
Kylie Jenner,Personalities
Bruno Mars,Musicians
Tiesto,Musicians
Russell Westbrook,Athletes
Sebastian Vettel,Athletes
Damian Lillard,Athletes
Shah Rukh Khan,Actors
Jennifer Lopez,Musicians
The Chainsmokers,Musicians
Novak Djokovic,Athletes
Amy Schumer,Comedians
Tiger Woods,Athletes
Salman Khan,Actors
Neymar,Athletes
Bill O'Reilly,Personalities
Dolly Parton,Musicians
Ed Sheeran,Musicians
Dwyane Wade,Athletes
Fernando Alonso,Athletes
Sean Hannity,Personalities
Rihanna,Musicians
Bon Jovi,Musicians
Akshay Kumar,Actors
Billy Joel,Musicians
Dr. Dre,Musicians
Florida Georgia Line,Musicians
Toby Keith,Musicians
Jordan Spieth,Athletes
Derrick Rose,Athletes
Usain Bolt,Athletes
Gareth Bale,Athletes
Conor McGregor,Athletes
Britney Spears,Musicians
Kei Nishikori,Athletes
Fletcher Cox,Athletes
Clayton Kershaw,Athletes
Chance The Rapper,Musicians
Katy Perry,Musicians
Carmelo Anthony,Athletes
Jason Aldean,Musicians
Kevin Hart,Comedians
Zlatan Ibrahimovic,Athletes
Floyd Mayweather,Athletes
George Clooney,Actors
Kylie Jenner,Personalities
Judy Sheindlin,Personalities
Dwayne Johnson,Actors
U2,Musicians
Coldplay,Musicians
Lionel Messi,Athletes
Ed Sheeran,Musicians
Cristiano Ronaldo,Athletes
Bruno Mars,Musicians
Conor McGregor,Athletes
Neymar,Athletes
Howard Stern,Personalities
Ellen DeGeneres,Personalities
James Patterson,Authors
LeBron James,Athletes
Rush Limbaugh,Personalities
Katy Perry,Musicians
Robert Downey Jr.,Actors
Taylor Swift,Musicians
Dr. Phil McGraw,Personalities
Roger Federer,Athletes
Stephen Curry,Athletes
Jay-Z,Musicians
Ryan Seacrest,Personalities
Guns N' Roses,Musicians
Roger Waters,Musicians
Matt Ryan,Athletes
Kim Kardashian,Personalities
Chris Hemsworth,Actors
Sean (Diddy) Combs,Musicians
David Copperfield,Magicians
Gordon Ramsay,Personalities
Beyonce Knowles,Musicians
Matthew Stafford,Athletes
Kendrick Lamar,Musicians
Jerry Seinfeld,Comedians
Kevin Hart,Comedians
The Weeknd,Musicians
The Eagles,Musicians
J.K. Rowling,Authors
Kevin Durant,Athletes
Depeche Mode,Musicians
Luke Bryan,Musicians
Pink,Musicians
Jimmy Buffett,Musicians
Lewis Hamilton,Athletes
Lady Gaga,Musicians
Calvin Harris,Musicians
Paul McCartney,Musicians
Russell Westbrook,Athletes
Drake,Musicians
Foo Fighters,Musicians
Jennifer Lopez,Musicians
James Harden,Athletes
Elton John,Musicians
Metallica,Musicians
Garth Brooks,Musicians
Jackie Chan,Actors
Paul McCartney,Musicians
Russell Westbrook,Athletes
Drake,Musicians
Foo Fighters,Musicians
Jennifer Lopez,Musicians
James Harden,Athletes
Elton John,Musicians
Metallica,Musicians
Garth Brooks,Musicians
Jackie Chan,Actors
The Chainsmokers,Musicians
Canelo Alvarez,Athletes
Steve Harvey,Personalities
Simon Cowell,Personalities
Billy Joel,Musicians
Tiger Woods,Athletes
Drew Brees,Athletes
Sofia Vergara,Television actresses
Sebastian Vettel,Athletes
Derek Carr,Athletes
Will Smith,Actors
Rafael Nadal,Athletes
Alex Smith,Athletes
Phil Mickelson,Athletes
Jordan Spieth,Athletes
Scarlett Johansson,Actresses
Akshay Kumar,Actors
Adam Sandler,Actors
Damian Lillard,Athletes
Anthony Joshua,Athletes
Rolling Stones,Musicians
Salman Khan,Actors
Rory McIlroy,Athletes
Kris Jenner,Personalities
Rihanna,Musicians
Bruce Springsteen,Musicians
Kenny Chesney,Musicians
Trumaine Johnson,Athletes
Imagine Dragons,Musicians
Jimmy Garoppolo,Athletes
Kyrie Irving,Athletes
Sean Hannity,Personalities
Giannis Antetokounmpo,Athletes
J. Cole,Musicians
Blake Griffin,Athletes
Ryan Tannehill,Athletes
Von Miller,Athletes
Dave Chappelle,Comedians
Dr. Dre,Musicians
Nas,Musicians
Taylor Swift,Musicians
Kylie Jenner,Personalities
Kanye West,Musicians
Lionel Messi,Athletes
Ed Sheeran,Musicians
Cristiano Ronaldo,Athletes
Neymar,Athletes
The Eagles,Musicians
Dr. Phil McGraw,Personalities
Canelo Alvarez,Athletes
Roger Federer,Athletes
Howard Stern,Personalities
J.K. Rowling,Authors
Russell Wilson,Athletes
Dwayne Johnson,Actors
Aaron Rodgers,Athletes
LeBron James,Athletes
Rush Limbaugh,Personalities
Elton John,Musicians
Jay-Z,Musicians
Beyonce Knowles,Musicians
Ellen DeGeneres,Personalities
Stephen Curry,Athletes
Chris Hemsworth,Actors
Drake,Musicians
Kim Kardashian,Personalities
Ryan Seacrest,Personalities
Sean (Diddy) Combs,Musicians
James Patterson,Authors
Metallica,Musicians
Robert Downey Jr.,Actors
Kevin Durant,Athletes
Akshay Kumar,Actors
Tiger Woods,Athletes
Gordon Ramsay,Personalities
Rihanna,Musicians
David Copperfield,Magicians
Kevin Hart,Comedians
Jackie Chan,Actors
Travis Scott,Musicians
Katy Perry,Musicians
Justin Timberlake,Musicians
BTS,Musicians
Bradley Cooper,Actors
Pink,Musicians
Adam Sandler,Actors
Scarlett Johansson,Actresses
Ben Roethlisberger,Athletes
Lewis Hamilton,Athletes
Anthony Joshua,Athletes
Khalil Mack,Athletes
Russell Westbrook,Athletes
Billy Joel,Musicians
Bruno Mars,Musicians
Novak Djokovic,Athletes
Mike Trout,Athletes
Jimmy Buffett,Musicians
Eminem,Musicians
Fleetwood Mac,Musicians
Judy Sheindlin,Personalities
Khalil Mack,Athletes
Russell Westbrook,Athletes
Billy Joel,Musicians
Bruno Mars,Musicians
Novak Djokovic,Athletes
Mike Trout,Athletes
Jimmy Buffett,Musicians
Eminem,Musicians
Fleetwood Mac,Musicians
Judy Sheindlin,Personalities
Phil Mickelson,Athletes
Ariana Grande,Musicians
Paul McCartney,Musicians
James Harden,Athletes
Conor McGregor,Athletes
DeMarcus Lawrence,Athletes
Sean Hannity,Personalities
The Chainsmokers,Musicians
Steve Harvey,Personalities
Bryce Harper,Athletes
Guns N' Roses,Musicians
Chris Paul,Athletes
Chris Evans,Actors
Kyrie Irving,Athletes
Giannis Antetokounmpo,Athletes
Jennifer Lopez,Musicians
Sofia Vergara,Television actresses
Luke Bryan,Musicians
Drew Brees,Athletes
Simon Cowell,Personalities
Aaron Donald,Athletes
Damian Lillard,Athletes
Paul Rudd,Actors
Jerry Seinfeld,Comedians
Rolling Stones,Musicians
Sebastian Vettel,Athletes
DJ Khaled,Musicians
Marshmello,Musicians
The Weeknd,Musicians
Lady Gaga,Musicians
Blake Griffin,Athletes
Dave Matthews Band,Musicians
Rory McIlroy,Athletes
Paul George,Athletes
Zac Brown Band,Musicians
Calvin Harris,Musicians
Kendrick Lamar,Musicians
Brandin Cooks,Athletes
Shawn Mendes,Musicians
Celine Dion,Musicians
Charli D'amelio,TikTok
Addison Rae,TikTok
Zach King,TikTok
Loren Gray,TikTok
Spencer Knight,TikTok
Dixie D'amelio,TikTok
Riyaz Aly,TikTok
Bella Poarch,TikTok
Will Smith,Actor
Michael Le,TikTok
Jason Derulo,TikTok
Brent Rivera,TikTok
Baby Ariel,TikTok
Faisal Shaikh,TikTok
Gilmher Croes,TikTok
Kimberly Loaiza,TikTok
JoJo Siwa,TikTok
James Charles,YouTube
David Dobrik,YouTube
Jason Derulo,Musician
